,Category Name,Item Name,Item URL,Price,Description,Stars,Reviews,Variants,Colors
0,Computers,ThinkPad Yoga,https://webscraper.io/test-sites/e-commerce/allinone/product/37,$1033.99,"12.5&quot; Touch, Core i3-4010U, 4GB, 500GB + 16GB SSD Cache,",2,13 reviews,"['128', '256', '512']",
1,Computers,Acer Aspire A315-51-33TG,https://webscraper.io/test-sites/e-commerce/allinone/product/83,$457.38,"Acer Aspire A315-51-33TG, Black 15.6&quot; HD, Core i3-7100U, 4GB DDR4, 128GB SSD, Windows 10 Home, ENG",3,9 reviews,"['128', '256', '512']",
2,Computers,Hewlett Packard Spectre 13-v106na Dark Ash Silver,https://webscraper.io/test-sites/e-commerce/allinone/product/133,$1273.11,"Hewlett Packard Spectre 13-v106na Dark Ash Silver, 13.3&quot; FHD IPS, Core i5-7200U, 8GB, 256GB SSD, Windows 10 Home",3,8 reviews,"['128', '256', '512']",
3,Computers,Asus VivoBook X441NA-GA190,https://webscraper.io/test-sites/e-commerce/allinone/product/60,$295.99,"Asus VivoBook X441NA-GA190 Chocolate Black, 14&quot;, Celeron N3450, 4GB, 128GB SSD, Endless OS, ENG kbd",3,14 reviews,"['128', '256', '512']",
4,Computers,Prestigio SmartBook 133S Dark Grey,https://webscraper.io/test-sites/e-commerce/allinone/product/61,$299,"Prestigio SmartBook 133S Dark Grey, 13.3&quot; FHD IPS, Celeron N3350 1.1GHz, 4GB, 32GB, Windows 10 Pro + Office 365 1 gadam",2,8 reviews,"['128', '256', '512']",
5,Computers,Prestigio SmartBook 133S Gold,https://webscraper.io/test-sites/e-commerce/allinone/product/62,$299,"Prestigio SmartBook 133S Gold, 13.3&quot; FHD IPS, Celeron N3350 1.1GHz, 4GB, 32GB, Windows 10 Pro + Office 365 1 gadam",4,12 reviews,"['128', '256', '512']",
6,Computers,Aspire E1-510,https://webscraper.io/test-sites/e-commerce/allinone/product/32,$306.99,"15.6&quot;, Pentium N3520 2.16GHz, 4GB, 500GB, Linux",3,2 reviews,"['128', '256', '512']",
7,Computers,Lenovo V110-15IAP,https://webscraper.io/test-sites/e-commerce/allinone/product/63,$321.94,"Lenovo V110-15IAP, 15.6&quot; HD, Celeron N3350 1.1GHz, 4GB, 128GB SSD, Windows 10 Home",3,5 reviews,"['128', '256', '512']",
8,Computers,Lenovo V110-15IAP,https://webscraper.io/test-sites/e-commerce/allinone/product/64,$356.49,"Asus VivoBook 15 X540NA-GQ008T Chocolate Black, 15.6&quot; HD, Pentium N4200, 4GB, 500GB, Windows 10 Home, En kbd",2,6 reviews,"['128', '256', '512']",
9,Computers,Hewlett Packard 250 G6 Dark Ash Silver,https://webscraper.io/test-sites/e-commerce/allinone/product/65,$364.46,"Hewlett Packard 250 G6 Dark Ash Silver, 15.6&quot; HD, Celeron N3060 1.6GHz, 4GB, 128GB SSD, DOS",1,12 reviews,"['128', '256', '512']",
10,Computers,Acer Aspire 3 A315-31 Black,https://webscraper.io/test-sites/e-commerce/allinone/product/66,$372.7,"Acer Aspire 3 A315-31 Black, 15.6&quot; HD, Celeron N3350 1.1GHz, 4GB, 128GB SSD, Windows 10 Home",2,2 reviews,"['128', '256', '512']",
11,Computers,Acer Aspire A315-31-C33J,https://webscraper.io/test-sites/e-commerce/allinone/product/67,$379.94,"Acer Aspire A315-31-C33J Black 15.6&quot;, HD, Celeron N3350, 4GB DDR3L, 128GB, Windows 10 Home, ENG",2,0 reviews,"['128', '256', '512']",
12,Computers,Acer Aspire ES1-572 Black,https://webscraper.io/test-sites/e-commerce/allinone/product/68,$379.95,"Acer Aspire ES1-572 Black, 15.6&quot; HD, Core i3-6006U, 4GB, 128GB SSD, Linux",4,9 reviews,"['128', '256', '512']",
13,Computers,Acer Aspire 3 A315-31 Black,https://webscraper.io/test-sites/e-commerce/allinone/product/69,$391.48,"Acer Aspire 3 A315-31 Black, 15.6&quot; HD, Pentium N4200 1.1GHz, 4GB, 128GB SSD, Windows 10 Home",4,10 reviews,"['128', '256', '512']",
14,Computers,Acer Aspire 3 A315-21,https://webscraper.io/test-sites/e-commerce/allinone/product/70,$393.88,"Acer Aspire 3 A315-21, 15.6&quot;, AMD A4-9120. 4GB. 128GB SSD, Linux",3,9 reviews,"['128', '256', '512']",
15,Computers,Asus VivoBook Max,https://webscraper.io/test-sites/e-commerce/allinone/product/45,$399,"Asus VivoBook Max X541NA-GQ041 Black Chocolate, 15.6&quot; HD, Pentium N4200 1.1GHz, 4GB, 500GB, Windows 10 Home",1,4 reviews,"['128', '256', '512']",
16,Computers,Asus VivoBook E502NA-GO022T Dark Blue,https://webscraper.io/test-sites/e-commerce/allinone/product/71,$399.99,"Asus VivoBook E502NA-GO022T Dark Blue, 15.6&quot; HD, Pentium N4200 1.1GHz, 4GB, 128GB SSD, Windows 10 Home, En/Ru kbd",4,3 reviews,"['128', '256', '512']",
17,Computers,Lenovo ThinkPad E31-80,https://webscraper.io/test-sites/e-commerce/allinone/product/72,$404.23,"Lenovo ThinkPad E31-80, 13.3&quot; HD, Celeron 3855U 1.6GHz, 4GB, 128GB SSD, Windows 10 Home",1,12 reviews,"['128', '256', '512']",
18,Computers,Acer Aspire 3 A315-31 Black,https://webscraper.io/test-sites/e-commerce/allinone/product/73,$408.98,"Acer Aspire 3 A315-31 Black, 15.6&quot; HD, Pentium N4200 1.1GHz, 4GB, 128GB SSD, Windows 10 Home",4,10 reviews,"['128', '256', '512']",
19,Computers,Lenovo V110-15ISK,https://webscraper.io/test-sites/e-commerce/allinone/product/74,$409.63,"Lenovo V110-15ISK, 15.6&quot; HD, Core i3-6006U, 8GB, 128GB SSD, Windows 10 Home",3,9 reviews,"['128', '256', '512']",
20,Computers,Acer Aspire ES1-732 Black,https://webscraper.io/test-sites/e-commerce/allinone/product/75,$410.46,"Acer Aspire ES1-732 Black, 17.3&quot; HD+, Celeron, N3350, 4GB, 1TB, Windows 10 Home",4,14 reviews,"['128', '256', '512']",
21,Computers,Asus VivoBook 15 X540NA-GQ026T,https://webscraper.io/test-sites/e-commerce/allinone/product/76,$410.66,"Asus VivoBook 15 X540NA-GQ026T Chocolate Black, 15.6&quot; HD, Pentium N4200, 4GB, 128GB SSD, Windows 10 Home, En/Ru kbd",4,4 reviews,"['128', '256', '512']",
22,Computers,Packard 255 G2,https://webscraper.io/test-sites/e-commerce/allinone/product/31,$416.99,"15.6&quot;, AMD E2-3800 1.3GHz, 4GB, 500GB, Windows 8.1",2,2 reviews,"['128', '256', '512']",
23,Computers,Asus EeeBook R416NA-FA014T,https://webscraper.io/test-sites/e-commerce/allinone/product/77,$433.3,"Asus EeeBook R416NA-FA014T, 14&quot; FHD, Pentium N4200, 4GB, 128GB eMMC, Windows 10 Home, Eng kbd",1,1 reviews,"['128', '256', '512']",
24,Computers,Acer Aspire 3 A315-51,https://webscraper.io/test-sites/e-commerce/allinone/product/78,$436.29,"Acer Aspire 3 A315-51, 15.6&quot; HD, Core i3-6006U, 4GB, 1TB, Windows 10 Home",1,1 reviews,"['128', '256', '512']",
25,Computers,Acer Aspire ES1-572 Black,https://webscraper.io/test-sites/e-commerce/allinone/product/79,$436.29,"Acer Aspire ES1-572 Black, 15.6&quot; HD, Core i3-6006U, 4GB, 500GB, Windows 10 Home",1,2 reviews,"['128', '256', '512']",
26,Computers,Acer Extensa 15 (2540) Black,https://webscraper.io/test-sites/e-commerce/allinone/product/80,$439.73,"Acer Extensa 15 (2540) Black, 15.6&quot; HD, Core i5-7200U, 4GB, 500GB, Linux",4,6 reviews,"['128', '256', '512']",
27,Computers,Acer Aspire ES1-572 Black,https://webscraper.io/test-sites/e-commerce/allinone/product/81,$454.62,"Acer Aspire ES1-572 Black, 15.6&quot; HD, Core i5-7200U, 4GB, 500GB, Linux",1,9 reviews,"['128', '256', '512']",
28,Computers,Lenovo V110-15ISK,https://webscraper.io/test-sites/e-commerce/allinone/product/82,$454.73,"Lenovo V110-15ISK, 15.6&quot; HD, Core i3-6006U, 4GB, 128GB SSD, Windows 10 Pro",2,2 reviews,"['128', '256', '512']",
29,Computers,Acer Aspire A315-51-33TG,https://webscraper.io/test-sites/e-commerce/allinone/product/83,$457.38,"Acer Aspire A315-51-33TG, Black 15.6&quot; HD, Core i3-7100U, 4GB DDR4, 128GB SSD, Windows 10 Home, ENG",3,9 reviews,"['128', '256', '512']",
30,Computers,Lenovo V110-15IKB,https://webscraper.io/test-sites/e-commerce/allinone/product/84,$465.95,"Lenovo V110-15IKB, 15.6&quot; HD, Core i5-7200U, 4GB, 500GB, DOS",1,7 reviews,"['128', '256', '512']",
31,Computers,Asus VivoBook 15 X540UA-DM260 Chocolate Black,https://webscraper.io/test-sites/e-commerce/allinone/product/85,$468.56,"Asus VivoBook 15 X540UA-DM260 Chocolate Black, 15.6&quot; FHD, Core i3-6006U, 4GB, 256GB SSD, Endless OS, En kbd",3,1 reviews,"['128', '256', '512']",
32,Computers,Acer Aspire ES1-572 Black,https://webscraper.io/test-sites/e-commerce/allinone/product/86,$469.1,"Acer Aspire ES1-572 Black, 15.6&quot; HD, Core i3-6006U, 4GB, 128GB SSD, Windows 10 Home",3,5 reviews,"['128', '256', '512']",
33,Computers,Lenovo V510 Black,https://webscraper.io/test-sites/e-commerce/allinone/product/87,$484.23,"Lenovo V510 Black, 14&quot; HD, Core i3-6006U, 4GB, 128GB SSD, Windows 10 Home",3,8 reviews,"['128', '256', '512']",
34,Computers,Acer Aspire ES1-572 Black,https://webscraper.io/test-sites/e-commerce/allinone/product/88,$485.9,"Acer Aspire ES1-572 Black, 15.6&quot; HD, Core i5-7200U, 4GB, 128GB SSD, Linux",3,6 reviews,"['128', '256', '512']",
35,Computers,Lenovo V510 Black,https://webscraper.io/test-sites/e-commerce/allinone/product/89,$487.8,"Lenovo V510 Black, 15.6&quot; HD, Core i3-6006U, 4GB, 128GB SSD, Windows 10 Home",2,9 reviews,"['128', '256', '512']",
36,Computers,Acer Swift 1 SF113-31 Silver,https://webscraper.io/test-sites/e-commerce/allinone/product/90,$488.64,"Acer Swift 1 SF113-31 Silver, 13.3&quot; FHD, Pentium N4200, 4GB, 128GB SSD, Windows 10 Home",3,4 reviews,"['128', '256', '512']",
37,Computers,Dell Vostro 15,https://webscraper.io/test-sites/e-commerce/allinone/product/46,$488.78,"Dell Vostro 15 (3568) Black, 15.6&quot; FHD, Core i5-7200U, 4GB, 128GB SSD, Radeon R5 M420 2GB, Linux",4,14 reviews,"['128', '256', '512']",
38,Computers,Acer Aspire 3 A315-51 Black,https://webscraper.io/test-sites/e-commerce/allinone/product/91,$494.71,"Acer Aspire 3 A315-51 Black, 15.6&quot; FHD, Core i3-7100U, 4GB, 500GB + 128GB SSD, Windows 10 Home",4,2 reviews,"['128', '256', '512']",
39,Computers,Dell Vostro 15 (3568) Red,https://webscraper.io/test-sites/e-commerce/allinone/product/92,$497.17,"Dell Vostro 15 (3568) Red, 15.6&quot; HD, Core i5-7200U, 4GB, 1TB, Radeon R5 M420 2GB, Linux",1,9 reviews,"['128', '256', '512']",
40,Computers,Lenovo V510 Black,https://webscraper.io/test-sites/e-commerce/allinone/product/93,$498.23,"Lenovo V510 Black, 15.6&quot; FHD, Core i3-7100U, 4GB, 128GB SSD, Windows 10 Pro",3,5 reviews,"['128', '256', '512']",
41,Computers,HP 250 G3,https://webscraper.io/test-sites/e-commerce/allinone/product/42,$520.99,"15.6&quot;, CoreÂ i5-4210U, 4GB, 500GB, Windows 8.1",2,13 reviews,"['128', '256', '512']",
42,Computers,Acer Spin 5,https://webscraper.io/test-sites/e-commerce/allinone/product/47,$564.98,"Acer Spin 5 SP513-51 Black, 13.3&quot; FHD Touch, Core i3-7100U, 4GB, 128GB SSD, Windows 10 Home",2,0 reviews,"['128', '256', '512']",
43,Computers,HP 350 G1,https://webscraper.io/test-sites/e-commerce/allinone/product/44,$577.99,"15.6&quot;, Core i5-4200U, 4GB, 750GB, Radeon HD8670M 2GB, Windows",2,10 reviews,"['128', '256', '512']",
44,Computers,Aspire E1-572G,https://webscraper.io/test-sites/e-commerce/allinone/product/36,$581.99,"15.6&quot;, Core i5-4200U, 8GB, 1TB, Radeon R7 M265, Windows 8.1",1,2 reviews,"['128', '256', '512']",
45,Computers,Pavilion,https://webscraper.io/test-sites/e-commerce/allinone/product/38,$609.99,"15.6&quot;, Core i5-4200U, 6GB, 750GB, Windows 8.1",1,4 reviews,"['128', '256', '512']",
46,Computers,Acer Aspire A515-51-5654,https://webscraper.io/test-sites/e-commerce/allinone/product/48,$679,"Acer Aspire A515-51-5654, Black, 15.6&quot;, FHD, Core i5-8250U, 8GB DDR4, 256GB SSD, Windows 10 Home, ENG",2,9 reviews,"['128', '256', '512']",
47,Computers,Dell Inspiron 15,https://webscraper.io/test-sites/e-commerce/allinone/product/49,$679,"Dell Inspiron 15 (5567) Fog Gray, 15.6&quot; FHD, Core i5-7200U, 8GB, 1TB, Radeon R7 M445 4GB, Linux",2,7 reviews,"['128', '256', '512']",
48,Computers,Asus VivoBook S14,https://webscraper.io/test-sites/e-commerce/allinone/product/50,$729,"Asus VivoBook S14 (S406UA-BV041T) Starry Grey, 14&quot;, Core i5-8250U, 8GB, 256GB SSD, Windows 10 Home, Eng kbd",1,2 reviews,"['128', '256', '512']",
49,Computers,ProBook,https://webscraper.io/test-sites/e-commerce/allinone/product/34,$739.99,"14&quot;, Core i5 2.6GHz, 4GB, 500GB, Win7 Pro 64bit",4,8 reviews,"['128', '256', '512']",
50,Computers,Inspiron 15,https://webscraper.io/test-sites/e-commerce/allinone/product/39,$745.99,"Moon Silver, 15.6&quot;, Core i7-4510U, 8GB, 1TB, Radeon HD R7 M265 2GB,",3,12 reviews,"['128', '256', '512']",
51,Computers,Asus ROG STRIX GL553VD-DM256,https://webscraper.io/test-sites/e-commerce/allinone/product/51,$799,"Asus ROG STRIX GL553VD-DM256, 15.6&quot; FHD, Core i5-7300HQ, 8GB, 1TB, GeForce GTX 1050 2GB, No OS",2,7 reviews,"['128', '256', '512']",
52,Computers,Acer Nitro 5 AN515-51,https://webscraper.io/test-sites/e-commerce/allinone/product/52,$809,"Acer Nitro 5 AN515-51, 15.6&quot; FHD IPS, Core i5-7300HQ, 8GB, 1TB, GeForce GTX 1050 2GB, Windows 10 Home",1,0 reviews,"['128', '256', '512']",
53,Computers,Asus ROG STRIX GL553VD-DM256,https://webscraper.io/test-sites/e-commerce/allinone/product/53,$899,"Asus ROG STRIX GL553VD-DM256, 15.6&quot; FHD, Core i5-7300HQ, 8GB, 1TB, GeForce GTX 1050 2GB, No OS + Windows 10 Home",1,7 reviews,"['128', '256', '512']",
54,Computers,Lenovo ThinkPad L570,https://webscraper.io/test-sites/e-commerce/allinone/product/54,$999,"Lenovo ThinkPad L570, 15.6&quot; FHD, Core i7-7500U, 8GB, 256GB SSD, Windows 10 Pro",3,11 reviews,"['128', '256', '512']",
55,Computers,ThinkPad Yoga,https://webscraper.io/test-sites/e-commerce/allinone/product/37,$1033.99,"12.5&quot; Touch, Core i3-4010U, 4GB, 500GB + 16GB SSD Cache,",2,13 reviews,"['128', '256', '512']",
56,Computers,Lenovo ThinkPad L460,https://webscraper.io/test-sites/e-commerce/allinone/product/94,$1096.02,"Lenovo ThinkPad L460, 14&quot; FHD IPS, Core i7-6600U, 8GB, 256GB SSD, Windows 10 Pro",4,14 reviews,"['128', '256', '512']",
57,Computers,Dell Inspiron 15 (7567) Black,https://webscraper.io/test-sites/e-commerce/allinone/product/95,$1098.42,"Dell Inspiron 15 (7567) Black, 15.6&quot; FHD, Core i5-7300HQ, 8GB, 256GB SSD, GeForce GTX 1050 4GB, Windows 10 Home",1,7 reviews,"['128', '256', '512']",
58,Computers,MSI GL72M 7RDX,https://webscraper.io/test-sites/e-commerce/allinone/product/96,$1099,"MSI GL72M 7RDX, 17.3&quot; FHD, Core i5-7300HQ, 8GB, 1TB + 128GB SSD, GeForce GTX 1050 2GB, Windows 10 Home",4,1 reviews,"['128', '256', '512']",
59,Computers,MSI GL72M 7RDX,https://webscraper.io/test-sites/e-commerce/allinone/product/97,$1099,"Asus ROG Strix GL553VD-DM535T, 15.6&quot; FHD, Core i7-7700HQ, 8GB, 1TB + 128GB SSD, GeForce GTX 1050 2GB, Windows 10 Home, Eng kbd",1,9 reviews,"['128', '256', '512']",
60,Computers,Asus ROG Strix GL553VD-DM535T,https://webscraper.io/test-sites/e-commerce/allinone/product/98,$1101.83,"Apple MacBook Air 13.3&quot;, Core i5 1.8GHz, 8GB, 128GB SSD, Intel HD 4000, RUS",2,4 reviews,"['128', '256', '512']",
61,Computers,Dell Latitude 5280,https://webscraper.io/test-sites/e-commerce/allinone/product/99,$1102.66,"Dell Latitude 5280, 12.5&quot; HD, Core i5-7300U, 8GB, 256GB SSD, Windows 10 Pro",1,8 reviews,"['128', '256', '512']",
62,Computers,Dell Latitude 5480,https://webscraper.io/test-sites/e-commerce/allinone/product/100,$1110.14,"Dell Latitude 5480, 14&quot; FHD, Core i5-7300U, 8GB, 500GB, Linux + Windows 10 Home",3,4 reviews,"['128', '256', '512']",
63,Computers,Lenovo Legion Y520-15IKBM,https://webscraper.io/test-sites/e-commerce/allinone/product/101,$1112.91,"Lenovo Legion Y520-15IKBM, Black, 15.6&quot; FHD IPS, Core i5-7300HQ, 8 GB, 128GB SSD + 2 TB HDD, NVIDIA GeForce GTX 1060 6 GB, FreeDOS + Windows 10 Home",4,1 reviews,"['128', '256', '512']",
64,Computers,Toshiba Portege Z30-C-16J Grey,https://webscraper.io/test-sites/e-commerce/allinone/product/102,$1114.55,"Toshiba Portege Z30-C-16J Grey, 13.3&quot; FHD, Core i5-6200U, 8GB, 256GB SSD, Windows 10 Pro",1,0 reviews,"['128', '256', '512']",
65,Computers,Acer Predator Helios 300 (PH317-51),https://webscraper.io/test-sites/e-commerce/allinone/product/103,$1123.87,"Acer Predator Helios 300 (PH317-51), 17.3&quot; FHD IPS, Core i5-7300HQ, 8GB, 1TB + 128GB SSD, GeForce GTX 1050Ti 4GB, Windows 10 Home",2,1 reviews,"['128', '256', '512']",
66,Computers,Acer Aspire 7 A715-71G,https://webscraper.io/test-sites/e-commerce/allinone/product/104,$1123.87,"Acer Aspire 7 A715-71G, 15.6&quot; FHD IPS, Core i7-7700HQ, 8GB, 128GB SSD + 1TB HDD, GTX 1050 Ti 4GB, Windows 10 Home",2,4 reviews,"['128', '256', '512']",
67,Computers,Dell Inspiron 17 2in1 (7779) Silver,https://webscraper.io/test-sites/e-commerce/allinone/product/105,$1124.2,"Dell Inspiron 17 2in1 (7779) Silver, 17.3&quot; FHD Touch, Core i5-7200U, 12GB, 1TB, GeForce GT940MX 2GB, Windows 10 Home",3,10 reviews,"['128', '256', '512']",
68,Computers,Dell Latitude 5480,https://webscraper.io/test-sites/e-commerce/allinone/product/106,$1133.82,"Dell Latitude 5480, 14&quot; FHD, Core i5-7300U, 8GB, 500GB, Windows 10 Pro",4,14 reviews,"['128', '256', '512']",
69,Computers,Lenovo Legion Y520,https://webscraper.io/test-sites/e-commerce/allinone/product/107,$1133.91,"Lenovo Legion Y520, 15.6&quot; FHD, Core i7-7700HQ, 8GB, 128 GB SSD + 1TB HDD, GTX 1050 4GB, Windows 10 Home",1,13 reviews,"['128', '256', '512']",
70,Computers,Asus AsusPro Advanced BU401LA-FA271G Dark Grey,https://webscraper.io/test-sites/e-commerce/allinone/product/108,$1139.54,"Asus AsusPro Advanced BU401LA-FA271G Dark Grey, 14&quot;, Core i5-4210U, 4GB, 128GB SSD, Win7 Pro 64bit, ENG",3,7 reviews,"['128', '256', '512']",
71,Computers,Acer Nitro 5 AN515-51,https://webscraper.io/test-sites/e-commerce/allinone/product/109,$1140.62,"Acer Nitro 5 AN515-51, 15.6&quot; FHD IPS, Core i7-7700HQ, 8GB, 256GB SSD +1TB, GeForce GTX 1050 Ti 4GB, Windows 10 Home + Windows 10 Home",3,14 reviews,"['128', '256', '512']",
72,Computers,Dell Latitude 5480,https://webscraper.io/test-sites/e-commerce/allinone/product/110,$1143.4,"Dell Latitude 5480, 14&quot; FHD, Core i5-7440HQ, 8GB, 256GB SSD, Windows 10 Pro",4,5 reviews,"['128', '256', '512']",
73,Computers,Dell Inspiron 15 (7567) Black,https://webscraper.io/test-sites/e-commerce/allinone/product/111,$1144.2,"Dell Inspiron 15 (7567) Black, 15.6&quot; FHD, Core i7-7700HQ, 8GB, 1TB, GeForce GTX 1050 Ti 4GB, Linux + Windows 10 Home",1,2 reviews,"['128', '256', '512']",
74,Computers,Dell Latitude 5580,https://webscraper.io/test-sites/e-commerce/allinone/product/112,$1144.4,"Dell Latitude 5580, 15.6&quot; FHD, Core i5-7300U, 8GB, 256GB SSD, Windows 10 Pro",3,10 reviews,"['128', '256', '512']",
75,Computers,Lenovo Legion Y520-15IKBM,https://webscraper.io/test-sites/e-commerce/allinone/product/55,$1149,"Lenovo Legion Y520-15IKBM, 15.6&quot; FHD IPS, Core i7-7700HQ, 8GB, 128GB SSD + 1TB, GeForce GTX 1060 Max-Q 6GB, DOS",3,11 reviews,"['128', '256', '512']",
76,Computers,MSI GP62M 7RDX Leopard,https://webscraper.io/test-sites/e-commerce/allinone/product/113,$1149,"MSI GP62M 7RDX Leopard, 15.6&quot; FHD, Core i7-7700HQ, 8GB, 1TB + 128GB SSD, GeForce GTX 1050 2GB, Windows 10 Home",1,11 reviews,"['128', '256', '512']",
77,Computers,Lenovo Yoga 720 Grey,https://webscraper.io/test-sites/e-commerce/allinone/product/114,$1149.73,"Lenovo Yoga 720 Grey, 15.6&quot; FHD IPS, Core i5-7300HQ, 8GB, 256GB SSD, GeForce GTX 1050 2GB, Windows 10 Home",2,12 reviews,"['128', '256', '512']",
78,Computers,Toshiba Portege Z30-C-16L Grey,https://webscraper.io/test-sites/e-commerce/allinone/product/115,$1154.04,"Toshiba Portege Z30-C-16L Grey, 13.3&quot; FHD, Core i7-6500U, 8GB, 256GB SSD, Windows 10 Pro",1,7 reviews,"['128', '256', '512']",
79,Computers,Acer TravelMate P645-S-511A Black,https://webscraper.io/test-sites/e-commerce/allinone/product/116,$1170.1,"Acer TravelMate P645-S-511A Black, 14&quot; FHD IPS, Core i5-5200U, 8GB, 256GB SSD, 3G, Windows 10 Pro",1,0 reviews,"['128', '256', '512']",
80,Computers,Dell Latitude 5580,https://webscraper.io/test-sites/e-commerce/allinone/product/117,$1178.19,"Dell Latitude 5580, 15.6&quot; FHD, Core i5-7300U, 16GB, 256GB SSD, Linux + Windows 10 Home",3,6 reviews,"['128', '256', '512']",
81,Computers,ThinkPad T540p,https://webscraper.io/test-sites/e-commerce/allinone/product/33,$1178.99,"15.6&quot;, Core i5-4200M, 4GB, 500GB, Win7 Pro 64bit",1,2 reviews,"['128', '256', '512']",
82,Computers,MSI GS63 7RD Stealth,https://webscraper.io/test-sites/e-commerce/allinone/product/118,$1179,"MSI GS63 7RD Stealth, 15.6&quot; FHD IPS, Core i7-7700HQ, 8GB, 256GB SSD, GeForce GTX 1050 2GB, DOS + Windows 10 Home",1,2 reviews,"['128', '256', '512']",
83,Computers,Dell Latitude 5480,https://webscraper.io/test-sites/e-commerce/allinone/product/119,$1187.88,"Dell Latitude 5480, 14&quot; FHD, Core i5-7300U, 8GB, 256GB SSD, Windows 10 Pro",3,5 reviews,"['128', '256', '512']",
84,Computers,Acer Predator Helios 300 (PH317-51),https://webscraper.io/test-sites/e-commerce/allinone/product/120,$1187.98,"Acer Predator Helios 300 (PH317-51), 17.3&quot; FHD IPS, Core i7-7700HQ. 8GB, 128GB SSD +1TB, GeForce GTX 1050Ti 4GB, Linux + Windows 10 Home",3,14 reviews,"['128', '256', '512']",
85,Computers,MSI GL62M 7REX,https://webscraper.io/test-sites/e-commerce/allinone/product/121,$1199,"MSI GL62M 7REX, 15.6&quot; FHD, Core i7-7700HQ, 8GB, 1TB + 128GB SSD, GeForce GTX 1050 Ti 2GB, Windows 10 Home",1,7 reviews,"['128', '256', '512']",
86,Computers,MSI GL62M 7REX2,https://webscraper.io/test-sites/e-commerce/allinone/product/122,$1199,"MSI GL62M 7REX2, 15.6&quot; FHD, Core i7-7700HQ, 8GB, 1TB + 128GB SSD, GeForce GTX 1050 Ti 2GB, Windows 10 Home",2,12 reviews,"['128', '256', '512']",
87,Computers,Lenovo Yoga 910 Grey,https://webscraper.io/test-sites/e-commerce/allinone/product/123,$1199.73,"Lenovo Yoga 910 Grey, 13.9&quot; FHD Touch, Core i5-7200U, 8GB, 256GB SSD, Windows 10 Home",3,7 reviews,"['128', '256', '512']",
88,Computers,Toshiba Portege X30-D-10J Black/Blue,https://webscraper.io/test-sites/e-commerce/allinone/product/124,$1203.41,"Toshiba Portege X30-D-10J Black/Blue, 13.3&quot; FHD IPS, Core i5-7200U, 8GB, 256GB SSD, Windows 10 Pro",4,13 reviews,"['128', '256', '512']",
89,Computers,Lenovo IdeaPad Miix 510 Platinum Silver,https://webscraper.io/test-sites/e-commerce/allinone/product/125,$1212.16,"Lenovo IdeaPad Miix 510 Platinum Silver, 12.2&quot; IPS Touch, Core i5-7200U, 8GB, 256GB SSD, 4G, Windows 10 Pro",4,0 reviews,"['128', '256', '512']",
90,Computers,Acer Predator Helios 300 (PH317-51),https://webscraper.io/test-sites/e-commerce/allinone/product/126,$1221.58,"Acer Predator Helios 300 (PH317-51), 17.3&quot; FHD IPS, Core i7-7700HQ, 8GB, 1TB + 128GB SSD, GeForce GTX 1050 Ti 4GB, Windows 10 Home",1,9 reviews,"['128', '256', '512']",
91,Computers,ThinkPad Yoga,https://webscraper.io/test-sites/e-commerce/allinone/product/43,$1223.99,"12.5&quot; Touch, Core i5 4200U, 8GB, 500GB + 16GB SSD Cache, Windows",3,2 reviews,"['128', '256', '512']",
92,Computers,Asus VivoBook Pro 15 N580VN-FI006T Gold Metal,https://webscraper.io/test-sites/e-commerce/allinone/product/127,$1235.49,"Asus VivoBook Pro 15 N580VN-FI006T Gold Metal, 15.6&quot; UHD, Core i7-7700HQ, 16GB, 1TB + 256GB SSD, GeForce MX150 2GB, Windows 10 Home, Eng kbd",2,10 reviews,"['128', '256', '512']",
93,Computers,Dell Latitude 5480,https://webscraper.io/test-sites/e-commerce/allinone/product/128,$1238.37,"Dell Latitude 5480, 14&quot; FHD, Core i7-7600U, 8GB, 256GB SSD, Linux",2,0 reviews,"['128', '256', '512']",
94,Computers,Asus ZenBook UX530UX-FY040T Blue,https://webscraper.io/test-sites/e-commerce/allinone/product/129,$1239.2,"Asus ZenBook UX530UX-FY040T Blue, 15.6&quot; FHD, Core i7-7500U, 8GB, 512GB SSD, GeForce GTX950M 2GB, Windows 10 Home, Eng kbd",1,14 reviews,"['128', '256', '512']",
95,Computers,ThinkPad X230,https://webscraper.io/test-sites/e-commerce/allinone/product/41,$1244.99,"12.5&quot;, Core i5 2.6GHz, 8GB, 180GB SSD, Win7 Pro 64bit",3,10 reviews,"['128', '256', '512']",
96,Computers,Asus ROG Strix GL753VE-GC096T,https://webscraper.io/test-sites/e-commerce/allinone/product/130,$1259,"Asus ROG Strix GL753VE-GC096T, 17.3&quot; FHD, Core i7-7700HQ, 8GB, 1TB + 128GB SSD, GeForce GTX 1050 Ti 4GB, Windows 10 Home, Eng kbd",4,7 reviews,"['128', '256', '512']",
97,Computers,Apple MacBook Air 13&quot;,https://webscraper.io/test-sites/e-commerce/allinone/product/131,$1260.13,"Apple MacBook Air 13&quot;, i5 1.8GHz, 8GB, 256GB SSD, Intel HD 6000, ENG",4,8 reviews,"['128', '256', '512']",
98,Computers,Dell Latitude 5480,https://webscraper.io/test-sites/e-commerce/allinone/product/132,$1271.06,"Dell Latitude 5480, 14&quot; FHD, Core i7-7600U, 8GB, 1TB, GeForce GT930MX, Windows 10 Pro",1,13 reviews,"['128', '256', '512']",
99,Computers,Hewlett Packard Spectre 13-v106na Dark Ash Silver,https://webscraper.io/test-sites/e-commerce/allinone/product/133,$1273.11,"Hewlett Packard Spectre 13-v106na Dark Ash Silver, 13.3&quot; FHD IPS, Core i5-7200U, 8GB, 256GB SSD, Windows 10 Home",3,8 reviews,"['128', '256', '512']",
100,Computers,Dell XPS 13,https://webscraper.io/test-sites/e-commerce/allinone/product/40,$1281.99,"13.3&quot; Touch, Core i5-4210U, 8GB, 128GB SSD, Windows 8.1",3,4 reviews,"['128', '256', '512']",
101,Computers,Toshiba Portege Z30-C-16K Grey,https://webscraper.io/test-sites/e-commerce/allinone/product/134,$1294.74,"Toshiba Portege Z30-C-16K Grey, 13.3&quot; FHD, Core i5-6200U, 8GB, 256GB SSD, 4G, Windows 10 Pro",1,6 reviews,"['128', '256', '512']",
102,Computers,MSI GL62VR 7RFX,https://webscraper.io/test-sites/e-commerce/allinone/product/135,$1299,"MSI GL62VR 7RFX, 15.6&quot; FHD, Core i7-7700HQ, 8GB, 1TB + 256GB SSD, GeForce GTX 1060 3GB, Windows 10 Home",3,1 reviews,"['128', '256', '512']",
103,Computers,Dell Latitude 5480,https://webscraper.io/test-sites/e-commerce/allinone/product/136,$1310.39,"Dell Latitude 5480, 14&quot; FHD, Core i7-7600U, 8GB, 256GB SSD, Windows 10 Pro",3,8 reviews,"['128', '256', '512']",
104,Computers,ThinkPad X240,https://webscraper.io/test-sites/e-commerce/allinone/product/35,$1311.99,"12.5&quot;, Core i5-4300U, 8GB, 240GB SSD, Win7 Pro 64bit",3,12 reviews,"['128', '256', '512']",
105,Computers,Hewlett Packard ProBook 640 G3,https://webscraper.io/test-sites/e-commerce/allinone/product/137,$1326.83,"Hewlett Packard ProBook 640 G3, 14&quot; FHD, Core i7-7600U, 8GB, 256GB SSD, Windows 10 Pro",1,2 reviews,"['128', '256', '512']",
106,Computers,Apple MacBook Pro 13&quot; Space Gray,https://webscraper.io/test-sites/e-commerce/allinone/product/138,$1333,"Apple MacBook Pro 13&quot; Space Gray, Core i5 2.3GHz, 8GB, 128GB SSD, Iris Plus 640, ENG",1,0 reviews,"['128', '256', '512']",
107,Computers,Dell Latitude 5580,https://webscraper.io/test-sites/e-commerce/allinone/product/139,$1337.28,"Dell Latitude 5580, 15.6&quot; FHD, Core i7-7600U, 8GB, 256GB SSD, GeForce GT930MX, Windows 10 Pro",1,6 reviews,"['128', '256', '512']",
108,Computers,Dell Latitude 5480,https://webscraper.io/test-sites/e-commerce/allinone/product/140,$1338.37,"Dell Latitude 5480, 14&quot; FHD, Core i7-7600U, 8GB, 256GB SSD, Linux + Windows 10 Home",2,11 reviews,"['128', '256', '512']",
109,Computers,Dell Latitude 5580,https://webscraper.io/test-sites/e-commerce/allinone/product/141,$1341.22,"Dell Latitude 5580, 15.6&quot; FHD, Core i7-7600U, 16GB, 256GB SSD, GeForce GT930MX, Linux",3,3 reviews,"['128', '256', '512']",
110,Computers,Apple MacBook Air 13&quot;,https://webscraper.io/test-sites/e-commerce/allinone/product/142,$1347.78,"Apple MacBook Air 13&quot;, Intel Core i5 1.8GHz, 8GB, 256GB SSD, Intel HD 6000, RUS",2,11 reviews,"['128', '256', '512']",
111,Computers,Lenovo ThinkPad T470,https://webscraper.io/test-sites/e-commerce/allinone/product/143,$1349.23,"Lenovo ThinkPad T470, 14&quot; FHD IPS, Core i5-7200U, 8GB, 256GB SSD, Windows 10 Pro",1,5 reviews,"['128', '256', '512']",
112,Computers,Lenovo ThinkPad Yoga 370 Black,https://webscraper.io/test-sites/e-commerce/allinone/product/144,$1362.24,"Lenovo ThinkPad Yoga 370 Black, 13.3&quot; FHD IPS Touch, Core i5-7200U, 8GB, 256GB SSD, 4G, Windows 10 Pro",2,12 reviews,"['128', '256', '512']",
113,Computers,Toshiba Portege X20W-D-10V Black/Blue,https://webscraper.io/test-sites/e-commerce/allinone/product/145,$1366.32,"Toshiba Portege X20W-D-10V Black/Blue, 12.5&quot; FHD Touch, Core i7-7500U, 8GB, 512GB SSD, Windows 10 Pro",1,11 reviews,"['128', '256', '512']",
114,Computers,Asus ASUSPRO B9440UA-GV0279R Gray,https://webscraper.io/test-sites/e-commerce/allinone/product/146,$1381.13,"Asus ASUSPRO B9440UA-GV0279R Gray, 14&quot; FHD, Core i7-7500U, 16GB, 512GB SSD, Windows 10 Pro, Eng kbd",1,4 reviews,"['128', '256', '512']",
115,Computers,Lenovo Legion Y720,https://webscraper.io/test-sites/e-commerce/allinone/product/56,$1399,"Lenovo Legion Y720, 15.6&quot; FHD IPS, Core i7-7700HQ, 8GB, 128GB SSD + 2TB HDD, GeForce GTX 1060 6GB, DOS, RGB backlit keyboard",3,8 reviews,"['128', '256', '512']",
116,Computers,Asus ROG Strix GL702VM-GC146T,https://webscraper.io/test-sites/e-commerce/allinone/product/147,$1399,"Asus ROG Strix GL702VM-GC146T, 17.3&quot; FHD, Core i7-7700HQ, 8GB, 1TB + 128GB SSD, GeForce GTX 1060 3GB, Windows 10 Home, Eng kbd",3,10 reviews,"['128', '256', '512']",
117,Computers,Asus ROG Strix GL702ZC-GC154T,https://webscraper.io/test-sites/e-commerce/allinone/product/57,$1769,"Asus ROG Strix GL702ZC-GC154T, 17.3&quot; FHD, Ryzen 7 1700, 16GB, 256GB + 1TB HDD, Radeon RX 580 4GB, Windows 10 Home",4,7 reviews,"['128', '256', '512']",
118,Computers,Asus ROG Strix GL702ZC-GC209T,https://webscraper.io/test-sites/e-commerce/allinone/product/58,$1769,"Asus ROG Strix GL702ZC-GC209T, 17.3&quot; FHD IPS, Ryzen 7 1700, 16GB, 256GB SSD + 1TB HDD, Radeon RX 580 4GB, Windows 10 Home",1,8 reviews,"['128', '256', '512']",
119,Computers,Asus ROG Strix SCAR Edition GL503VM-ED115T,https://webscraper.io/test-sites/e-commerce/allinone/product/59,$1799,"Asus ROG Strix SCAR Edition GL503VM-ED115T, 15.6&quot; FHD 120Hz, Core i7-7700HQ, 16GB, 256GB SSD + 1TB SSHD, GeForce GTX 1060 6GB, Windows 10 Home",3,8 reviews,"['128', '256', '512']",
120,Computers,Lenovo IdeaTab,https://webscraper.io/test-sites/e-commerce/allinone/product/10,$69.99,"7&quot; screen, Android",3,7 reviews,"['128', '256', '512']",
121,Computers,IdeaTab A3500L,https://webscraper.io/test-sites/e-commerce/allinone/product/15,$88.99,"Black, 7&quot; IPS, Quad-Core 1.2GHz, 8GB, Android 4.2",4,7 reviews,"['128', '256', '512']",
122,Computers,Acer Iconia,https://webscraper.io/test-sites/e-commerce/allinone/product/11,$96.99,"7&quot; screen, Android, 16GB",1,7 reviews,"['128', '256', '512']",
123,Computers,Galaxy Tab 3,https://webscraper.io/test-sites/e-commerce/allinone/product/18,$97.99,"7&quot;, 8GB, Wi-Fi, Android 4.2, White",2,2 reviews,"['128', '256', '512']",
124,Computers,Iconia B1-730HD,https://webscraper.io/test-sites/e-commerce/allinone/product/27,$99.99,"Black, 7&quot;, 1.6GHz Dual-Core, 8GB, Android 4.4",3,1 reviews,"['128', '256', '512']",
125,Computers,Memo Pad HD 7,https://webscraper.io/test-sites/e-commerce/allinone/product/23,$101.99,"IPS, Dual-Core 1.2GHz, 8GB, Android 4.3",2,10 reviews,"['128', '256', '512']",
126,Computers,Asus MeMO Pad,https://webscraper.io/test-sites/e-commerce/allinone/product/12,$102.99,"7&quot; screen, Android, 8GB",4,14 reviews,"['128', '256', '512']",
127,Computers,Amazon Kindle,https://webscraper.io/test-sites/e-commerce/allinone/product/13,$103.99,"6&quot; screen, wifi",4,3 reviews,"['128', '256', '512']",
128,Computers,Galaxy Tab 3,https://webscraper.io/test-sites/e-commerce/allinone/product/22,$107.99,"7&quot;, 8GB, Wi-Fi, Android 4.2, Yellow",2,14 reviews,"['128', '256', '512']",
129,Computers,IdeaTab A8-50,https://webscraper.io/test-sites/e-commerce/allinone/product/28,$121.99,"Blue, 8&quot; IPS, Quad-Core 1.3GHz, 16GB, Android 4.2",2,13 reviews,"['128', '256', '512']",
130,Computers,MeMO Pad 7,https://webscraper.io/test-sites/e-commerce/allinone/product/20,$130.99,"White, 7&quot;, Atom 1.2GHz, 8GB, Android 4.4",1,11 reviews,"['128', '256', '512']",
131,Computers,IdeaTab A3500-H,https://webscraper.io/test-sites/e-commerce/allinone/product/17,$148.99,"Blue, 7&quot; IPS, Quad-Core 1.3GHz, 8GB, 3G, Android 4.2",2,9 reviews,"['128', '256', '512']",
132,Computers,IdeaTab S5000,https://webscraper.io/test-sites/e-commerce/allinone/product/26,$172.99,"Silver, 7&quot; IPS, Quad-Core 1.2Ghz, 16GB, 3G, Android 4.2",3,8 reviews,"['128', '256', '512']",
133,Computers,Galaxy Tab 4,https://webscraper.io/test-sites/e-commerce/allinone/product/21,$233.99,"LTE (SM-T235), Quad-Core 1.2GHz, 8GB, Black",4,1 reviews,"['128', '256', '512']",
134,Computers,Galaxy Tab,https://webscraper.io/test-sites/e-commerce/allinone/product/16,$251.99,"16GB, White",3,14 reviews,"['128', '256', '512']",
135,Computers,MeMo PAD FHD 10,https://webscraper.io/test-sites/e-commerce/allinone/product/25,$320.99,"White, 10.1&quot; IPS, 1.6GHz, 2GB, 16GB, Android 4.2",2,7 reviews,"['128', '256', '512']",
136,Computers,Galaxy Note,https://webscraper.io/test-sites/e-commerce/allinone/product/29,$399.99,"10.1&quot;, 3G, Android 4.0, Garnet Red",4,12 reviews,"['128', '256', '512']",
137,Computers,Galaxy Note,https://webscraper.io/test-sites/e-commerce/allinone/product/19,$489.99,"12.2&quot;, 32GB, WiFi, Android 4.4, White",3,9 reviews,"['128', '256', '512']",
138,Computers,iPad Mini Retina,https://webscraper.io/test-sites/e-commerce/allinone/product/14,$537.99,"Wi-Fi + Cellular, 32GB, Silver",2,8 reviews,"['128', '256', '512']",
139,Computers,Galaxy Note 10.1,https://webscraper.io/test-sites/e-commerce/allinone/product/24,$587.99,"10.1&quot;, 32GB, Black",2,6 reviews,"['128', '256', '512']",
140,Computers,Apple iPad Air,https://webscraper.io/test-sites/e-commerce/allinone/product/30,$603.99,"Wi-Fi, 64GB, Silver",3,7 reviews,"['128', '256', '512']",
141,Phones,Sony Xperia,https://webscraper.io/test-sites/e-commerce/allinone/product/5,$118.99,"GPS, waterproof",1,6 reviews,,"['Gold', 'White', 'Black']"
142,Phones,Iphone,https://webscraper.io/test-sites/e-commerce/allinone/product/9,$899.99,Black,1,1 reviews,,"['Gold', 'White', 'Black']"
143,Phones,Nokia 123,https://webscraper.io/test-sites/e-commerce/allinone/product/1,$24.99,7 day battery,3,11 reviews,,"['Gold', 'White', 'Black']"
144,Phones,Nokia 123,https://webscraper.io/test-sites/e-commerce/allinone/product/1,$24.99,7 day battery,3,11 reviews,,"['Gold', 'White', 'Black']"
145,Phones,LG Optimus,https://webscraper.io/test-sites/e-commerce/allinone/product/2,$57.99,3.2&quot; screen,3,11 reviews,,"['Gold', 'White', 'Black']"
146,Phones,Samsung Galaxy,https://webscraper.io/test-sites/e-commerce/allinone/product/3,$93.99,5 mpx. Android 5.0,3,3 reviews,,"['Gold', 'White', 'Black']"
147,Phones,Nokia X,https://webscraper.io/test-sites/e-commerce/allinone/product/4,$109.99,"Andoid, Jolla dualboot",4,4 reviews,,"['Gold', 'White', 'Black']"
148,Phones,Sony Xperia,https://webscraper.io/test-sites/e-commerce/allinone/product/5,$118.99,"GPS, waterproof",1,6 reviews,,"['Gold', 'White', 'Black']"
149,Phones,Ubuntu Edge,https://webscraper.io/test-sites/e-commerce/allinone/product/6,$499.99,Sapphire glass,1,2 reviews,,"['Gold', 'White', 'Black']"
150,Phones,Iphone,https://webscraper.io/test-sites/e-commerce/allinone/product/7,$899.99,White,1,10 reviews,,"['Gold', 'White', 'Black']"
151,Phones,Iphone,https://webscraper.io/test-sites/e-commerce/allinone/product/8,$899.99,Silver,2,8 reviews,,"['Gold', 'White', 'Black']"
152,Phones,Iphone,https://webscraper.io/test-sites/e-commerce/allinone/product/9,$899.99,Black,1,1 reviews,,"['Gold', 'White', 'Black']"
